x-axis,1
second,Volt
-5.000000E-03,-8.054398E-03
-4.995000E-03,-8.054398E-03
-4.990000E-03,-8.054398E-03
-4.985000E-03,-8.054398E-03
-4.980000E-03,-8.054398E-03
-4.975000E-03,-8.054398E-03
-4.970000E-03,-8.054398E-03
-4.965000E-03,-65.903417E-03
-4.960000E-03,-35.912931E-03
-4.955000E-03,-8.054398E-03
-4.950000E-03,+24.068041E-03
-4.945000E-03,-8.054398E-03
-4.940000E-03,+17.103407E-03
-4.935000E-03,-63.202689E-03
-4.930000E-03,-26.247570E-03
-4.925000E-03,-8.054398E-03
-4.920000E-03,-8.054398E-03
-4.915000E-03,-8.054398E-03
-4.910000E-03,-70.736097E-03
-4.905000E-03,-8.054398E-03
-4.900000E-03,-8.054398E-03
-4.895000E-03,+19.235360E-03
-4.890000E-03,-8.054398E-03
-4.885000E-03,+38.566082E-03
-4.880000E-03,+25.631218E-03
-4.875000E-03,+5.306094E-03
-4.870000E-03,-8.054398E-03
-4.865000E-03,-8.054398E-03
-4.860000E-03,-38.613659E-03
-4.855000E-03,-8.054398E-03
-4.850000E-03,-8.054398E-03
-4.845000E-03,-8.054398E-03
-4.840000E-03,-8.054398E-03
-4.835000E-03,-8.054398E-03
-4.830000E-03,-8.054398E-03
-4.825000E-03,-8.054398E-03
-4.820000E-03,-8.054398E-03
-4.815000E-03,+58.891207E-03
-4.810000E-03,-8.054398E-03
-4.805000E-03,-8.054398E-03
-4.800000E-03,-8.054398E-03
-4.795000E-03,-8.054398E-03
-4.790000E-03,+4.311691E-03
-4.785000E-03,-8.054398E-03
-4.780000E-03,-8.054398E-03
-4.775000E-03,+48.231443E-03
-4.770000E-03,-8.054398E-03
-4.765000E-03,+55.196076E-03
-4.760000E-03,-8.054398E-03
-4.755000E-03,-8.054398E-03
-4.750000E-03,-8.054398E-03
-4.745000E-03,-8.054398E-03
-4.740000E-03,-8.054398E-03
-4.735000E-03,-8.054398E-03
-4.730000E-03,-8.054398E-03
-4.725000E-03,-8.054398E-03
-4.720000E-03,-8.054398E-03
-4.715000E-03,-8.054398E-03
-4.710000E-03,-8.054398E-03
-4.705000E-03,-8.054398E-03
-4.700000E-03,-8.054398E-03
-4.695000E-03,-8.054398E-03
-4.690000E-03,-8.054398E-03
-4.685000E-03,+58.891207E-03
-4.680000E-03,-8.054398E-03
-4.675000E-03,-8.054398E-03
-4.670000E-03,+29.895124E-03
-4.665000E-03,-8.054398E-03
-4.660000E-03,-8.054398E-03
-4.655000E-03,-69.029773E-03
-4.650000E-03,-50.979748E-03
-4.645000E-03,-8.054398E-03
-4.640000E-03,-8.054398E-03
-4.635000E-03,-8.054398E-03
-4.630000E-03,-8.054398E-03
-4.625000E-03,-8.054398E-03
-4.620000E-03,-11.180754E-03
-4.615000E-03,+25.774366E-03
-4.610000E-03,-8.054398E-03
-4.605000E-03,-8.054398E-03
-4.600000E-03,-8.054398E-03
-4.595000E-03,+39.703632E-03
-4.590000E-03,-8.054398E-03
-4.585000E-03,-8.054398E-03
-4.580000E-03,-8.054398E-03
-4.575000E-03,-8.054398E-03
-4.570000E-03,-8.054398E-03
-4.565000E-03,-8.054398E-03
-4.560000E-03,-8.054398E-03
-4.555000E-03,-57.658087E-03
-4.550000E-03,-8.054398E-03
-4.545000E-03,+7.581193E-03
-4.540000E-03,-8.054398E-03
-4.535000E-03,-8.054398E-03
-4.530000E-03,-8.054398E-03
-4.525000E-03,-8.054398E-03
-4.520000E-03,-8.054398E-03
-4.515000E-03,-8.054398E-03
-4.510000E-03,-1.515393E-03
-4.505000E-03,-8.054398E-03
-4.500000E-03,-8.054398E-03
-4.495000E-03,-8.054398E-03
-4.490000E-03,+38.422935E-03
-4.485000E-03,+49.368993E-03
-4.480000E-03,-8.054398E-03
-4.475000E-03,-8.054398E-03
-4.470000E-03,-8.054398E-03
-4.465000E-03,-8.054398E-03
-4.460000E-03,+33.307774E-03
-4.455000E-03,-63.628317E-03
-4.450000E-03,-26.673198E-03
-4.445000E-03,-26.390717E-03
-4.440000E-03,-8.054398E-03
-4.435000E-03,-8.054398E-03
-4.430000E-03,-3.364865E-03
-4.425000E-03,-8.054398E-03
-4.420000E-03,+56.616107E-03
-4.415000E-03,-8.054398E-03
-4.410000E-03,-8.054398E-03
-4.405000E-03,-8.054398E-03
-4.400000E-03,+8.149968E-03
-4.395000E-03,-8.054398E-03
-4.390000E-03,-8.054398E-03
-4.385000E-03,-8.054398E-03
-4.380000E-03,-44.866370E-03
-4.375000E-03,-8.054398E-03
-4.370000E-03,-8.054398E-03
-4.365000E-03,-946.618E-06
-4.360000E-03,-8.054398E-03
-4.355000E-03,-8.054398E-03
-4.350000E-03,-8.054398E-03
-4.345000E-03,-8.054398E-03
-4.340000E-03,-8.054398E-03
-4.335000E-03,-8.054398E-03
-4.330000E-03,-8.054398E-03
-4.325000E-03,-8.054398E-03
-4.320000E-03,-8.054398E-03
-4.315000E-03,-8.054398E-03
-4.310000E-03,-51.119081E-03
-4.305000E-03,-8.054398E-03
-4.300000E-03,-8.054398E-03
-4.295000E-03,-8.054398E-03
-4.290000E-03,-8.054398E-03
-4.285000E-03,-8.054398E-03
-4.280000E-03,-8.054398E-03
-4.275000E-03,-8.054398E-03
-4.270000E-03,-8.054398E-03
-4.265000E-03,-8.054398E-03
-4.260000E-03,-8.054398E-03
-4.255000E-03,-8.054398E-03
-4.250000E-03,+5.162946E-03
-4.245000E-03,+58.891207E-03
-4.240000E-03,-8.054398E-03
-4.235000E-03,-8.054398E-03
-4.230000E-03,-8.054398E-03
-4.225000E-03,-37.332962E-03
-4.220000E-03,-67.323448E-03
-4.215000E-03,-8.054398E-03
-4.210000E-03,-45.717626E-03
-4.205000E-03,-8.054398E-03
-4.200000E-03,-8.054398E-03
-4.195000E-03,-8.054398E-03
-4.190000E-03,-8.054398E-03
-4.185000E-03,-8.054398E-03
-4.180000E-03,-8.054398E-03
-4.175000E-03,-8.054398E-03
-4.170000E-03,-8.054398E-03
-4.165000E-03,-8.054398E-03
-4.160000E-03,-8.054398E-03
-4.155000E-03,-8.054398E-03
-4.150000E-03,+48.374590E-03
-4.145000E-03,-48.561501E-03
-4.140000E-03,-8.054398E-03
-4.135000E-03,-8.054398E-03
-4.130000E-03,-8.054398E-03
-4.125000E-03,-8.054398E-03
-4.120000E-03,-8.054398E-03
-4.115000E-03,+39.278004E-03
-4.110000E-03,-8.054398E-03
-4.105000E-03,-8.054398E-03
-4.100000E-03,+16.252152E-03
-4.095000E-03,-2.370462E-03
-4.090000E-03,+27.620024E-03
-4.085000E-03,-9.335095E-03
-4.080000E-03,-8.054398E-03
-4.075000E-03,-66.754673E-03
-4.070000E-03,+37.146051E-03
-4.065000E-03,-8.054398E-03
-4.060000E-03,+58.891207E-03
-4.055000E-03,-8.054398E-03
-4.050000E-03,-8.054398E-03
-4.045000E-03,-8.054398E-03
-4.040000E-03,-8.054398E-03
-4.035000E-03,-38.896140E-03
-4.030000E-03,-8.054398E-03
-4.025000E-03,+35.014099E-03
-4.020000E-03,-8.054398E-03
-4.015000E-03,-8.054398E-03
-4.010000E-03,-8.054398E-03
-4.005000E-03,-65.052161E-03
-4.000000E-03,-8.054398E-03
-3.995000E-03,-8.054398E-03
-3.990000E-03,-8.054398E-03
-3.985000E-03,-8.054398E-03
-3.980000E-03,-8.054398E-03
-3.975000E-03,-8.054398E-03
-3.970000E-03,-8.054398E-03
-3.965000E-03,-8.054398E-03
-3.960000E-03,-8.054398E-03
-3.955000E-03,+34.015882E-03
-3.950000E-03,-8.054398E-03
-3.945000E-03,+27.051249E-03
-3.940000E-03,-73.150531E-03
-3.935000E-03,-8.054398E-03
-3.930000E-03,-8.054398E-03
-3.925000E-03,+13.121983E-03
-3.920000E-03,-8.054398E-03
-3.915000E-03,-8.054398E-03
-3.910000E-03,+14.688974E-03
-3.905000E-03,-8.054398E-03
-3.900000E-03,+21.653607E-03
-3.895000E-03,-8.336879E-03
-3.890000E-03,-8.054398E-03
-3.885000E-03,-8.054398E-03
-3.880000E-03,+35.582874E-03
-3.875000E-03,+5.592388E-03
-3.870000E-03,-8.054398E-03
-3.865000E-03,-28.665817E-03
-3.860000E-03,-8.054398E-03
-3.855000E-03,+19.521654E-03
-3.850000E-03,-8.054398E-03
-3.845000E-03,-8.054398E-03
-3.840000E-03,-8.054398E-03
-3.835000E-03,-8.054398E-03
-3.830000E-03,-19.569231E-03
-3.825000E-03,+40.415554E-03
-3.820000E-03,-8.054398E-03
-3.815000E-03,-8.054398E-03
-3.810000E-03,+33.447107E-03
-3.805000E-03,-8.054398E-03
-3.800000E-03,-8.054398E-03
-3.795000E-03,-8.054398E-03
-3.790000E-03,-8.054398E-03
-3.785000E-03,-8.054398E-03
-3.780000E-03,-8.054398E-03
-3.775000E-03,-8.054398E-03
-3.770000E-03,-8.054398E-03
-3.765000E-03,-8.054398E-03
-3.760000E-03,-8.054398E-03
-3.755000E-03,+22.222382E-03
-3.750000E-03,+58.604913E-03
-3.745000E-03,-45.295811E-03
-3.740000E-03,-8.054398E-03
-3.735000E-03,-30.793956E-03
-3.730000E-03,-8.054398E-03
-3.725000E-03,-8.054398E-03
-3.720000E-03,-8.054398E-03
-3.715000E-03,-8.054398E-03
-3.710000E-03,-8.054398E-03
-3.705000E-03,+57.045548E-03
-3.700000E-03,-8.054398E-03
-3.695000E-03,+53.772232E-03
-3.690000E-03,-8.054398E-03
-3.685000E-03,-8.054398E-03
-3.680000E-03,-8.054398E-03
-3.675000E-03,-8.054398E-03
-3.670000E-03,-64.057758E-03
-3.665000E-03,+17.958477E-03
-3.660000E-03,-67.044780E-03
-3.655000E-03,-8.054398E-03
-3.650000E-03,+55.904185E-03
-3.645000E-03,-8.054398E-03
-3.640000E-03,-8.054398E-03
-3.635000E-03,-8.054398E-03
-3.630000E-03,-8.054398E-03
-3.625000E-03,-8.054398E-03
-3.620000E-03,-8.054398E-03
-3.615000E-03,-8.054398E-03
-3.610000E-03,-8.054398E-03
-3.605000E-03,-8.054398E-03
-3.600000E-03,+29.755790E-03
-3.595000E-03,-8.054398E-03
-3.590000E-03,-8.054398E-03
-3.585000E-03,-8.054398E-03
-3.580000E-03,-8.054398E-03
-3.575000E-03,-8.054398E-03
-3.570000E-03,-8.054398E-03
-3.565000E-03,-8.054398E-03
-3.560000E-03,-9.331282E-03
-3.555000E-03,-8.054398E-03
-3.550000E-03,-8.054398E-03
-3.545000E-03,-8.054398E-03
-3.540000E-03,+4.597985E-03
-3.535000E-03,-8.054398E-03
-3.530000E-03,+39.274191E-03
-3.525000E-03,-8.054398E-03
-3.520000E-03,+18.527252E-03
-3.515000E-03,-8.054398E-03
-3.510000E-03,-8.054398E-03
-3.505000E-03,-8.054398E-03
-3.500000E-03,-34.489087E-03
-3.495000E-03,-8.054398E-03
-3.490000E-03,-8.054398E-03
-3.485000E-03,+9.430666E-03
-3.480000E-03,-8.054398E-03
-3.475000E-03,-8.054398E-03
-3.470000E-03,-8.054398E-03
-3.465000E-03,-8.054398E-03
-3.460000E-03,-8.054398E-03
-3.455000E-03,+20.512244E-03
-3.450000E-03,+50.502729E-03
-3.445000E-03,+13.547610E-03
-3.440000E-03,+43.538096E-03
-3.435000E-03,-8.054398E-03
-3.430000E-03,+14.263346E-03
-3.425000E-03,-8.054398E-03
-3.420000E-03,-8.054398E-03
-3.415000E-03,-8.054398E-03
-3.410000E-03,-8.054398E-03
-3.405000E-03,-8.054398E-03
-3.400000E-03,-8.054398E-03
-3.395000E-03,+5.166760E-03
-3.390000E-03,-58.230675E-03
-3.385000E-03,-8.054398E-03
-3.380000E-03,-8.054398E-03
-3.375000E-03,-8.054398E-03
-3.370000E-03,-8.054398E-03
-3.365000E-03,-8.054398E-03
-3.360000E-03,-8.054398E-03
-3.355000E-03,-8.054398E-03
-3.350000E-03,-8.054398E-03
-3.345000E-03,-8.054398E-03
-3.340000E-03,-8.054398E-03
-3.335000E-03,+46.954560E-03
-3.330000E-03,-8.054398E-03
-3.325000E-03,-8.054398E-03
-3.320000E-03,-8.054398E-03
-3.315000E-03,+56.898588E-03
-3.310000E-03,+58.891207E-03
-3.305000E-03,-8.054398E-03
-3.300000E-03,-8.054398E-03
-3.295000E-03,-8.054398E-03
-3.290000E-03,-8.054398E-03
-3.285000E-03,-8.054398E-03
-3.280000E-03,-8.054398E-03
-3.275000E-03,-8.054398E-03
-3.270000E-03,-8.054398E-03
-3.265000E-03,-8.054398E-03
-3.260000E-03,-8.054398E-03
-3.255000E-03,-8.054398E-03
-3.250000E-03,+45.101274E-03
-3.245000E-03,+8.146155E-03
-3.240000E-03,+58.891207E-03
-3.235000E-03,-17.290318E-03
-3.230000E-03,-8.054398E-03
-3.225000E-03,+56.619921E-03
-3.220000E-03,+26.629435E-03
-3.215000E-03,-8.054398E-03
-3.210000E-03,-8.054398E-03
-3.205000E-03,-8.054398E-03
-3.200000E-03,-8.054398E-03
-3.195000E-03,-8.054398E-03
-3.190000E-03,-8.054398E-03
-3.185000E-03,-8.054398E-03
-3.180000E-03,-8.054398E-03
-3.175000E-03,+24.497482E-03
-3.170000E-03,-8.054398E-03
-3.165000E-03,-8.054398E-03
-3.160000E-03,-8.054398E-03
-3.155000E-03,-8.054398E-03
-3.150000E-03,-8.054398E-03
-3.145000E-03,-8.054398E-03
-3.140000E-03,-8.054398E-03
-3.135000E-03,-8.054398E-03
-3.130000E-03,-8.054398E-03
-3.125000E-03,-74.570562E-03
-3.120000E-03,+21.506646E-03
-3.115000E-03,-8.054398E-03
-3.110000E-03,-8.054398E-03
-3.105000E-03,-8.054398E-03
-3.100000E-03,-23.686176E-03
-3.095000E-03,-8.054398E-03
-3.090000E-03,-8.054398E-03
-3.085000E-03,-8.054398E-03
-3.080000E-03,+57.188696E-03
-3.075000E-03,-8.054398E-03
-3.070000E-03,-8.054398E-03
-3.065000E-03,+16.673966E-03
-3.060000E-03,-8.054398E-03
-3.055000E-03,-8.054398E-03
-3.050000E-03,-8.054398E-03
-3.045000E-03,-8.054398E-03
-3.040000E-03,+32.735185E-03
-3.035000E-03,-8.054398E-03
-3.030000E-03,-8.054398E-03
-3.025000E-03,-8.054398E-03
-3.020000E-03,-8.054398E-03
-3.015000E-03,-8.054398E-03
-3.010000E-03,-8.054398E-03
-3.005000E-03,+41.831771E-03
-3.000000E-03,-8.054398E-03
-2.995000E-03,+34.867138E-03
-2.990000E-03,-8.054398E-03
-2.985000E-03,-8.054398E-03
-2.980000E-03,-8.054398E-03
-2.975000E-03,-8.054398E-03
-2.970000E-03,-16.017248E-03
-2.965000E-03,+36.863571E-03
-2.960000E-03,-8.054398E-03
-2.955000E-03,-8.054398E-03
-2.950000E-03,-8.054398E-03
-2.945000E-03,-8.054398E-03
-2.940000E-03,-8.054398E-03
-2.935000E-03,+57.757471E-03
-2.930000E-03,-8.054398E-03
-2.925000E-03,-8.054398E-03
-2.920000E-03,+34.731618E-03
-2.915000E-03,-8.054398E-03
-2.910000E-03,-8.054398E-03
-2.905000E-03,-8.054398E-03
-2.900000E-03,-8.054398E-03
-2.895000E-03,+32.166410E-03
-2.890000E-03,+55.625518E-03
-2.885000E-03,-8.054398E-03
-2.880000E-03,-8.054398E-03
-2.875000E-03,+58.891207E-03
-2.870000E-03,-8.054398E-03
-2.865000E-03,-8.054398E-03
-2.860000E-03,+41.262996E-03
-2.855000E-03,+46.528932E-03
-2.850000E-03,-8.054398E-03
-2.845000E-03,-8.054398E-03
-2.840000E-03,+27.333730E-03
-2.835000E-03,+57.324216E-03
-2.830000E-03,-46.576508E-03
-2.825000E-03,-8.054398E-03
-2.820000E-03,+37.432346E-03
-2.815000E-03,+43.394949E-03
-2.810000E-03,-8.054398E-03
-2.805000E-03,-52.539112E-03
-2.800000E-03,-8.054398E-03
-2.795000E-03,+21.371126E-03
-2.790000E-03,-7.489437E-03
-2.785000E-03,-8.054398E-03
-2.780000E-03,-8.054398E-03
-2.775000E-03,-8.054398E-03
-2.770000E-03,-8.054398E-03
-2.765000E-03,-8.054398E-03
-2.760000E-03,-8.054398E-03
-2.755000E-03,-8.054398E-03
-2.750000E-03,-8.054398E-03
-2.745000E-03,-8.054398E-03
-2.740000E-03,-8.054398E-03
-2.735000E-03,+58.891207E-03
-2.730000E-03,-8.054398E-03
-2.725000E-03,+47.658855E-03
-2.720000E-03,-8.054398E-03
-2.715000E-03,-8.054398E-03
-2.710000E-03,-8.054398E-03
-2.705000E-03,-8.054398E-03
-2.700000E-03,-8.054398E-03
-2.695000E-03,-8.054398E-03
-2.690000E-03,+56.755441E-03
-2.685000E-03,-8.054398E-03
-2.680000E-03,-65.899603E-03
-2.675000E-03,-8.054398E-03
-2.670000E-03,-8.054398E-03
-2.665000E-03,+44.965754E-03
-2.660000E-03,-8.054398E-03
-2.655000E-03,-8.054398E-03
-2.650000E-03,-8.054398E-03
-2.645000E-03,-8.054398E-03
-2.640000E-03,+21.932274E-03
-2.635000E-03,-8.054398E-03
-2.630000E-03,-8.054398E-03
-2.625000E-03,-8.054398E-03
-2.620000E-03,-8.054398E-03
-2.615000E-03,-8.054398E-03
-2.610000E-03,-8.054398E-03
-2.605000E-03,-8.054398E-03
-2.600000E-03,-8.054398E-03
-2.595000E-03,+26.772582E-03
-2.590000E-03,+54.054713E-03
-2.585000E-03,+33.737215E-03
-2.580000E-03,+3.746729E-03
-2.575000E-03,-8.054398E-03
-2.570000E-03,+40.125446E-03
-2.565000E-03,-8.054398E-03
-2.560000E-03,+33.160813E-03
-2.555000E-03,-3.794306E-03
-2.550000E-03,-9.609949E-03
-2.545000E-03,-8.054398E-03
-2.540000E-03,-8.054398E-03
-2.535000E-03,-8.054398E-03
-2.530000E-03,-34.357380E-03
-2.525000E-03,-8.054398E-03
-2.520000E-03,-8.054398E-03
-2.515000E-03,-8.054398E-03
-2.510000E-03,-8.054398E-03
-2.505000E-03,-8.054398E-03
-2.500000E-03,-8.054398E-03
-2.495000E-03,-45.582106E-03
-2.490000E-03,-8.054398E-03
-2.485000E-03,-8.054398E-03
-2.480000E-03,-8.054398E-03
-2.475000E-03,-8.054398E-03
-2.470000E-03,-8.054398E-03
-2.465000E-03,-8.054398E-03
-2.460000E-03,+20.376724E-03
-2.455000E-03,-8.054398E-03
-2.450000E-03,-8.054398E-03
-2.445000E-03,-8.054398E-03
-2.440000E-03,+34.305990E-03
-2.435000E-03,-8.054398E-03
-2.430000E-03,-8.054398E-03
-2.425000E-03,-8.054398E-03
-2.420000E-03,-8.054398E-03
-2.415000E-03,-8.054398E-03
-2.410000E-03,-8.054398E-03
-2.405000E-03,-8.054398E-03
-2.400000E-03,-4.781082E-03
-2.395000E-03,-8.054398E-03
-2.390000E-03,-8.054398E-03
-2.385000E-03,-8.054398E-03
-2.380000E-03,+41.688624E-03
-2.375000E-03,-8.054398E-03
-2.370000E-03,-8.054398E-03
-2.365000E-03,-8.054398E-03
-2.360000E-03,-8.054398E-03
-2.355000E-03,-8.054398E-03
-2.350000E-03,-8.054398E-03
-2.345000E-03,-8.054398E-03
-2.340000E-03,-8.054398E-03
-2.335000E-03,-8.054398E-03
-2.330000E-03,-8.054398E-03
-2.325000E-03,-8.054398E-03
-2.320000E-03,-8.054398E-03
-2.315000E-03,-8.054398E-03
-2.310000E-03,-8.054398E-03
-2.305000E-03,-8.054398E-03
-2.300000E-03,-8.054398E-03
-2.295000E-03,-8.054398E-03
-2.290000E-03,-8.054398E-03
-2.285000E-03,-8.054398E-03
-2.280000E-03,-8.054398E-03
-2.275000E-03,-8.054398E-03
-2.270000E-03,-8.054398E-03
-2.265000E-03,-8.054398E-03
-2.260000E-03,-8.054398E-03
-2.255000E-03,-8.054398E-03
-2.250000E-03,-8.054398E-03
-2.245000E-03,+2.752327E-03
-2.240000E-03,-8.054398E-03
-2.235000E-03,-8.054398E-03
-2.230000E-03,-8.054398E-03
-2.225000E-03,-8.054398E-03
-2.220000E-03,-13.308893E-03
-2.215000E-03,-8.054398E-03
-2.210000E-03,-8.054398E-03
-2.205000E-03,-8.054398E-03
-2.200000E-03,-8.054398E-03
-2.195000E-03,+58.891207E-03
-2.190000E-03,+7.585007E-03
-2.185000E-03,-8.054398E-03
-2.180000E-03,-8.054398E-03
-2.175000E-03,-8.054398E-03
-2.170000E-03,-45.431331E-03
-2.165000E-03,-8.054398E-03
-2.160000E-03,+22.357902E-03
-2.155000E-03,-8.054398E-03
-2.150000E-03,-8.054398E-03
-2.145000E-03,-8.054398E-03
-2.140000E-03,-8.054398E-03
-2.135000E-03,-8.054398E-03
-2.130000E-03,+49.372807E-03
-2.125000E-03,+19.382321E-03
-2.120000E-03,-10.608165E-03
-2.115000E-03,-8.054398E-03
-2.110000E-03,-8.054398E-03
-2.105000E-03,+17.525222E-03
-2.100000E-03,-8.054398E-03
-2.095000E-03,-8.054398E-03
-2.090000E-03,-8.054398E-03
-2.085000E-03,+3.595955E-03
-2.080000E-03,-8.054398E-03
-2.075000E-03,-8.054398E-03
-2.070000E-03,+26.621808E-03
-2.065000E-03,-8.054398E-03
-2.060000E-03,-8.054398E-03
-2.055000E-03,-8.054398E-03
-2.050000E-03,-8.054398E-03
-2.045000E-03,+42.683027E-03
-2.040000E-03,-8.054398E-03
-2.035000E-03,-8.054398E-03
-2.030000E-03,-8.054398E-03
-2.025000E-03,+28.753760E-03
-2.020000E-03,-8.054398E-03
-2.015000E-03,-8.054398E-03
-2.010000E-03,-8.054398E-03
-2.005000E-03,-30.933290E-03
-2.000000E-03,+6.021829E-03
-1.995000E-03,-8.054398E-03
-1.990000E-03,+37.850346E-03
-1.985000E-03,-8.054398E-03
-1.980000E-03,-8.054398E-03
-1.975000E-03,+56.906215E-03
-1.970000E-03,-8.054398E-03
-1.965000E-03,-8.054398E-03
-1.960000E-03,-8.054398E-03
-1.955000E-03,-8.054398E-03
-1.950000E-03,-8.054398E-03
-1.945000E-03,+39.982299E-03
-1.940000E-03,-8.054398E-03
-1.935000E-03,-8.054398E-03
-1.930000E-03,-8.054398E-03
-1.925000E-03,+24.783776E-03
-1.920000E-03,-8.054398E-03
-1.915000E-03,-8.054398E-03
-1.910000E-03,-8.054398E-03
-1.905000E-03,-28.232562E-03
-1.900000E-03,-24.831353E-03
-1.895000E-03,-8.054398E-03
-1.890000E-03,+15.687190E-03
-1.885000E-03,-8.054398E-03
-1.880000E-03,-8.054398E-03
-1.875000E-03,-8.054398E-03
-1.870000E-03,-8.054398E-03
-1.865000E-03,-8.054398E-03
-1.860000E-03,-8.054398E-03
-1.855000E-03,-8.054398E-03
-1.850000E-03,-8.054398E-03
-1.845000E-03,+13.555238E-03
-1.840000E-03,-8.054398E-03
-1.835000E-03,-8.054398E-03
-1.830000E-03,-6.638181E-03
-1.825000E-03,-8.054398E-03
-1.820000E-03,-8.054398E-03
-1.815000E-03,-8.054398E-03
-1.810000E-03,-8.054398E-03
-1.805000E-03,-8.054398E-03
-1.800000E-03,+11.423285E-03
-1.795000E-03,-8.054398E-03
-1.790000E-03,-8.054398E-03
-1.785000E-03,+58.891207E-03
-1.780000E-03,-8.054398E-03
-1.775000E-03,-4.637935E-03
-1.770000E-03,+18.519624E-03
-1.765000E-03,-8.054398E-03
-1.760000E-03,-8.054398E-03
-1.755000E-03,-8.054398E-03
-1.750000E-03,+46.246451E-03
-1.745000E-03,+16.255965E-03
-1.740000E-03,-8.054398E-03
-1.735000E-03,+23.220599E-03
-1.730000E-03,-6.769887E-03
-1.725000E-03,-8.054398E-03
-1.720000E-03,-8.054398E-03
-1.715000E-03,-8.054398E-03
-1.710000E-03,-8.054398E-03
-1.705000E-03,-8.054398E-03
-1.700000E-03,-8.054398E-03
-1.695000E-03,-67.187928E-03
-1.690000E-03,-8.054398E-03
-1.685000E-03,-7.206956E-03
-1.680000E-03,-44.162075E-03
-1.675000E-03,-8.054398E-03
-1.670000E-03,-31.927693E-03
-1.665000E-03,-8.054398E-03
-1.660000E-03,+41.982546E-03
-1.655000E-03,-8.054398E-03
-1.650000E-03,-8.054398E-03
-1.645000E-03,+58.891207E-03
-1.640000E-03,-8.054398E-03
-1.635000E-03,-8.054398E-03
-1.630000E-03,-8.054398E-03
-1.625000E-03,-8.054398E-03
-1.620000E-03,+47.941335E-03
-1.615000E-03,+39.850593E-03
-1.610000E-03,-8.054398E-03
-1.605000E-03,-8.054398E-03
-1.600000E-03,-8.054398E-03
-1.595000E-03,-8.054398E-03
-1.590000E-03,-8.054398E-03
-1.585000E-03,-8.054398E-03
-1.580000E-03,-36.191598E-03
-1.575000E-03,-8.054398E-03
-1.570000E-03,-8.054398E-03
-1.565000E-03,-8.054398E-03
-1.560000E-03,-8.054398E-03
-1.555000E-03,-8.054398E-03
-1.550000E-03,-8.054398E-03
-1.545000E-03,-8.054398E-03
-1.540000E-03,-8.333065E-03
-1.535000E-03,-8.054398E-03
-1.530000E-03,-8.054398E-03
-1.525000E-03,-51.695483E-03
-1.520000E-03,+45.240608E-03
-1.515000E-03,-8.054398E-03
-1.510000E-03,-8.054398E-03
-1.505000E-03,-8.054398E-03
-1.500000E-03,-8.054398E-03
-1.495000E-03,-8.054398E-03
-1.490000E-03,-8.054398E-03
-1.485000E-03,-8.054398E-03
-1.480000E-03,-33.490870E-03
-1.475000E-03,-8.054398E-03
-1.470000E-03,-8.054398E-03
-1.465000E-03,-8.054398E-03
-1.460000E-03,+3.452808E-03
-1.455000E-03,-8.054398E-03
-1.450000E-03,-8.054398E-03
-1.445000E-03,-8.054398E-03
-1.440000E-03,-8.054398E-03
-1.435000E-03,-8.054398E-03
-1.430000E-03,+49.504513E-03
-1.425000E-03,-8.054398E-03
-1.420000E-03,+8.296929E-03
-1.415000E-03,-8.054398E-03
-1.410000E-03,-31.370358E-03
-1.405000E-03,-8.054398E-03
-1.400000E-03,-8.054398E-03
-1.395000E-03,-8.054398E-03
-1.390000E-03,-8.054398E-03
-1.385000E-03,-67.745262E-03
-1.380000E-03,+14.681347E-03
-1.375000E-03,+58.891207E-03
-1.370000E-03,+7.716713E-03
-1.365000E-03,+37.707199E-03
-1.360000E-03,-8.054398E-03
-1.355000E-03,-8.054398E-03
-1.350000E-03,-8.054398E-03
-1.345000E-03,+23.777933E-03
-1.340000E-03,-8.054398E-03
-1.335000E-03,+34.023510E-03
-1.330000E-03,-8.054398E-03
-1.325000E-03,-8.054398E-03
-1.320000E-03,-8.054398E-03
-1.315000E-03,-8.054398E-03
-1.310000E-03,-8.054398E-03
-1.305000E-03,-8.054398E-03
-1.300000E-03,-8.054398E-03
-1.295000E-03,-8.054398E-03
-1.290000E-03,+31.891557E-03
-1.285000E-03,-8.054398E-03
-1.280000E-03,-8.054398E-03
-1.275000E-03,-8.054398E-03
-1.270000E-03,+5.015986E-03
-1.265000E-03,-8.054398E-03
-1.260000E-03,-14.160148E-03
-1.255000E-03,-8.054398E-03
-1.250000E-03,-8.054398E-03
-1.245000E-03,-8.054398E-03
-1.240000E-03,-15.877914E-03
-1.235000E-03,-52.833033E-03
-1.230000E-03,+44.103058E-03
-1.225000E-03,-8.054398E-03
-1.220000E-03,+13.698385E-03
-1.215000E-03,-8.054398E-03
-1.210000E-03,-8.054398E-03
-1.205000E-03,-8.054398E-03
-1.200000E-03,-8.054398E-03
-1.195000E-03,-2.362835E-03
-1.190000E-03,-8.054398E-03
-1.185000E-03,-8.054398E-03
-1.180000E-03,-57.665714E-03
-1.175000E-03,-8.054398E-03
-1.170000E-03,-8.054398E-03
-1.165000E-03,-8.054398E-03
-1.160000E-03,-8.054398E-03
-1.155000E-03,+25.341111E-03
-1.150000E-03,-4.494787E-03
-1.145000E-03,-8.054398E-03
-1.140000E-03,-8.054398E-03
-1.135000E-03,-8.054398E-03
-1.130000E-03,-57.511126E-03
-1.125000E-03,-8.054398E-03
-1.120000E-03,-8.054398E-03
-1.115000E-03,+53.354232E-03
-1.110000E-03,+27.473063E-03
-1.105000E-03,-6.626740E-03
-1.100000E-03,-8.054398E-03
-1.095000E-03,-8.054398E-03
-1.090000E-03,-8.054398E-03
-1.085000E-03,+43.534283E-03
-1.080000E-03,+44.257646E-03
-1.075000E-03,-8.054398E-03
-1.070000E-03,-8.054398E-03
-1.065000E-03,+21.231793E-03
-1.060000E-03,-7.350103E-03
-1.055000E-03,-8.054398E-03
-1.050000E-03,-8.054398E-03
-1.045000E-03,-8.054398E-03
-1.040000E-03,-61.775031E-03
-1.035000E-03,+8.711116E-03
-1.030000E-03,-8.054398E-03
-1.025000E-03,-8.054398E-03
-1.020000E-03,-8.054398E-03
-1.015000E-03,-8.054398E-03
-1.010000E-03,-8.054398E-03
-1.005000E-03,-75.000003E-03
-1.000000E-03,-8.054398E-03
-995.000E-06,+3.038621E-03
-990.000E-06,-8.054398E-03
-985.000E-06,+40.833555E-03
-980.000E-06,-8.054398E-03
-975.000E-06,-8.054398E-03
-970.000E-06,-8.054398E-03
-965.000E-06,+23.932521E-03
-960.000E-06,-8.054398E-03
-955.000E-06,-36.048451E-03
-950.000E-06,-8.054398E-03
-945.000E-06,-8.054398E-03
-940.000E-06,-23.980097E-03
-935.000E-06,-8.054398E-03
-930.000E-06,-8.054398E-03
-925.000E-06,-8.054398E-03
-920.000E-06,+21.800568E-03
-915.000E-06,-8.054398E-03
-910.000E-06,-8.054398E-03
-905.000E-06,-8.054398E-03
-900.000E-06,-8.054398E-03
-895.000E-06,-8.054398E-03
-890.000E-06,-8.054398E-03
-885.000E-06,-8.054398E-03
-880.000E-06,-17.286504E-03
-875.000E-06,-8.054398E-03
-870.000E-06,-8.054398E-03
-865.000E-06,+26.633248E-03
-860.000E-06,-70.302842E-03
-855.000E-06,-8.054398E-03
-850.000E-06,-8.054398E-03
-845.000E-06,+40.562515E-03
-840.000E-06,-8.054398E-03
-835.000E-06,-8.054398E-03
-830.000E-06,-8.054398E-03
-825.000E-06,+54.491781E-03
-820.000E-06,-8.054398E-03
-815.000E-06,-8.054398E-03
-810.000E-06,+19.370880E-03
-805.000E-06,+1.475443E-03
-800.000E-06,-8.054398E-03
-795.000E-06,+42.396733E-03
-790.000E-06,+5.441614E-03
-785.000E-06,-8.054398E-03
-780.000E-06,-8.054398E-03
-775.000E-06,-8.054398E-03
-770.000E-06,-8.054398E-03
-765.000E-06,-8.054398E-03
-760.000E-06,-8.054398E-03
-755.000E-06,-8.054398E-03
-750.000E-06,-8.054398E-03
-745.000E-06,+43.263243E-03
-740.000E-06,-8.054398E-03
-735.000E-06,-16.717729E-03
-730.000E-06,-8.054398E-03
-725.000E-06,-8.054398E-03
-720.000E-06,+58.891207E-03
-715.000E-06,-8.054398E-03
-710.000E-06,-8.054398E-03
-705.000E-06,-8.054398E-03
-700.000E-06,-8.054398E-03
-695.000E-06,-8.054398E-03
-690.000E-06,-8.054398E-03
-685.000E-06,-8.054398E-03
-680.000E-06,-8.054398E-03
-675.000E-06,-8.054398E-03
-670.000E-06,-71.866020E-03
-665.000E-06,-8.054398E-03
-660.000E-06,+48.792591E-03
-655.000E-06,-8.054398E-03
-650.000E-06,+41.827958E-03
-645.000E-06,-20.981635E-03
-640.000E-06,-8.054398E-03
-635.000E-06,-8.054398E-03
-630.000E-06,-8.054398E-03
-625.000E-06,-8.054398E-03
-620.000E-06,+20.934058E-03
-615.000E-06,-8.054398E-03
-610.000E-06,-8.054398E-03
-605.000E-06,-8.054398E-03
-600.000E-06,-8.054398E-03
-595.000E-06,-8.054398E-03
-590.000E-06,-58.810891E-03
-585.000E-06,-8.054398E-03
-580.000E-06,-8.054398E-03
-575.000E-06,-8.054398E-03
-570.000E-06,-8.054398E-03
-565.000E-06,-8.054398E-03
-560.000E-06,-8.054398E-03
-555.000E-06,-8.054398E-03
-550.000E-06,+11.709579E-03
-545.000E-06,-8.054398E-03
-540.000E-06,-8.054398E-03
-535.000E-06,+55.629331E-03
-530.000E-06,+25.638846E-03
-525.000E-06,-8.054398E-03
-520.000E-06,-8.054398E-03
-515.000E-06,-8.054398E-03
-510.000E-06,-8.054398E-03
-505.000E-06,+58.891207E-03
-500.000E-06,-20.412860E-03
-495.000E-06,-8.054398E-03
-490.000E-06,-8.054398E-03
-485.000E-06,-8.054398E-03
-480.000E-06,-8.054398E-03
-475.000E-06,-8.054398E-03
-470.000E-06,-8.054398E-03
-465.000E-06,-8.054398E-03
-460.000E-06,-8.054398E-03
-455.000E-06,-60.509589E-03
-450.000E-06,+36.426502E-03
-445.000E-06,-8.054398E-03
-440.000E-06,-8.054398E-03
-435.000E-06,-8.054398E-03
-430.000E-06,-8.054398E-03
-425.000E-06,-1.650913E-03
-420.000E-06,-8.054398E-03
-415.000E-06,-8.054398E-03
-410.000E-06,-8.054398E-03
-405.000E-06,-8.054398E-03
-400.000E-06,-8.054398E-03
-395.000E-06,-8.054398E-03
-390.000E-06,-5.361297E-03
-385.000E-06,-8.054398E-03
-380.000E-06,-8.054398E-03
-375.000E-06,-8.054398E-03
-370.000E-06,-8.054398E-03
-365.000E-06,+40.136887E-03
-360.000E-06,+10.146401E-03
-355.000E-06,-8.054398E-03
-350.000E-06,-8.054398E-03
-345.000E-06,-8.054398E-03
-340.000E-06,-42.869937E-03
-335.000E-06,-8.054398E-03
-330.000E-06,-8.054398E-03
-325.000E-06,-8.054398E-03
-320.000E-06,-8.054398E-03
-315.000E-06,-8.054398E-03
-310.000E-06,-8.054398E-03
-305.000E-06,-8.054398E-03
-300.000E-06,-8.054398E-03
-295.000E-06,-8.054398E-03
-290.000E-06,-8.054398E-03
-285.000E-06,+28.908348E-03
-280.000E-06,-8.054398E-03
-275.000E-06,-8.054398E-03
-270.000E-06,+44.954313E-03
-265.000E-06,+7.999194E-03
-260.000E-06,-8.054398E-03
-255.000E-06,-8.054398E-03
-250.000E-06,-8.054398E-03
-245.000E-06,-8.054398E-03
-240.000E-06,-8.054398E-03
-235.000E-06,-8.054398E-03
-230.000E-06,-8.054398E-03
-225.000E-06,-8.054398E-03
-220.000E-06,-8.054398E-03
-215.000E-06,-8.054398E-03
-210.000E-06,-8.054398E-03
-205.000E-06,-8.054398E-03
-200.000E-06,-8.054398E-03
-195.000E-06,-40.753239E-03
-190.000E-06,-8.054398E-03
-185.000E-06,-8.054398E-03
-180.000E-06,-8.054398E-03
-175.000E-06,-8.054398E-03
-170.000E-06,-8.054398E-03
-165.000E-06,-8.054398E-03
-160.000E-06,-8.054398E-03
-155.000E-06,-8.054398E-03
-150.000E-06,+22.512490E-03
-145.000E-06,-8.054398E-03
-140.000E-06,-8.054398E-03
-135.000E-06,-8.054398E-03
-130.000E-06,-8.054398E-03
-125.000E-06,-8.054398E-03
-120.000E-06,-8.054398E-03
-115.000E-06,-8.054398E-03
-110.000E-06,-8.054398E-03
-105.000E-06,+20.380537E-03
-100.000E-06,-8.054398E-03
-95.000E-06,-8.054398E-03
-90.000E-06,-8.054398E-03
-85.000E-06,-8.054398E-03
-80.000E-06,-8.054398E-03
-75.000E-06,-8.054398E-03
-70.000E-06,-8.054398E-03
-65.000E-06,-8.054398E-03
-60.000E-06,-8.054398E-03
-55.000E-06,-8.054398E-03
-50.000E-06,-8.054398E-03
-45.000E-06,-8.054398E-03
-40.000E-06,-8.054398E-03
-35.000E-06,-8.054398E-03
-30.000E-06,-8.054398E-03
-25.000E-06,-8.054398E-03
-20.000E-06,-62.215914E-03
-15.000E-06,+16.116632E-03
-10.000E-06,-8.054398E-03
-5.000E-06,-8.054398E-03
-0.0E+00,+3.004497826E+00
+5.000E-06,+3.004497826E+00
+10.000E-06,+3.004497826E+00
+15.000E-06,+3.004497826E+00
+20.000E-06,+2.989423382E+00
+25.000E-06,+3.004497826E+00
+30.000E-06,+2.959591298E+00
+35.000E-06,+3.004497826E+00
+40.000E-06,+3.004497826E+00
+45.000E-06,+3.004497826E+00
+50.000E-06,+2.968529483E+00
+55.000E-06,+2.943530079E+00
+60.000E-06,+2.980485198E+00
+65.000E-06,+2.991555335E+00
+70.000E-06,+3.054395436E+00
+75.000E-06,+3.004497826E+00
+80.000E-06,+3.004497826E+00
+85.000E-06,+3.004497826E+00
+90.000E-06,+2.940670949E+00
+95.000E-06,+2.937552221E+00
+100.000E-06,+3.004497826E+00
+105.000E-06,+32.746626E-03
+110.000E-06,-8.054398E-03
+115.000E-06,-8.054398E-03
+120.000E-06,-8.054398E-03
+125.000E-06,+4.160916E-03
+130.000E-06,-8.054398E-03
+135.000E-06,-2.803717E-03
+140.000E-06,-43.295565E-03
+145.000E-06,-9.768350E-03
+150.000E-06,-8.054398E-03
+155.000E-06,-8.054398E-03
+160.000E-06,-29.366298E-03
+165.000E-06,+7.588821E-03
+170.000E-06,-22.401665E-03
+175.000E-06,-8.054398E-03
+180.000E-06,-671.764E-06
+185.000E-06,-37.626883E-03
+190.000E-06,-8.054398E-03
+195.000E-06,-8.054398E-03
+200.000E-06,+58.891207E-03
+205.000E-06,-8.054398E-03
+210.000E-06,-8.054398E-03
+215.000E-06,-8.054398E-03
+220.000E-06,+12.421501E-03
+225.000E-06,-8.054398E-03
+230.000E-06,-8.054398E-03
+235.000E-06,-8.054398E-03
+240.000E-06,+26.350768E-03
+245.000E-06,-8.054398E-03
+250.000E-06,-8.054398E-03
+255.000E-06,-8.054398E-03
+260.000E-06,-8.054398E-03
+265.000E-06,-8.054398E-03
+270.000E-06,-8.054398E-03
+275.000E-06,-8.054398E-03
+280.000E-06,-8.054398E-03
+285.000E-06,-8.054398E-03
+290.000E-06,-8.054398E-03
+295.000E-06,-8.054398E-03
+300.000E-06,-8.054398E-03
+305.000E-06,+3.004497826E+00
+310.000E-06,+3.004497826E+00
+315.000E-06,+3.004497826E+00
+320.000E-06,+3.004497826E+00
+325.000E-06,+3.004497826E+00
+330.000E-06,+3.004497826E+00
+335.000E-06,+3.004497826E+00
+340.000E-06,+2.937552221E+00
+345.000E-06,+3.004497826E+00
+350.000E-06,+3.004497826E+00
+355.000E-06,+3.004497826E+00
+360.000E-06,+3.004497826E+00
+365.000E-06,+3.004497826E+00
+370.000E-06,+2.946498033E+00
+375.000E-06,+2.976488519E+00
+380.000E-06,+3.004497826E+00
+385.000E-06,+2.972526162E+00
+390.000E-06,+2.999514371E+00
+395.000E-06,+3.004497826E+00
+400.000E-06,+3.004497826E+00
+405.000E-06,+2.955594619E+00
+410.000E-06,-8.054398E-03
+415.000E-06,-8.054398E-03
+420.000E-06,-8.054398E-03
+425.000E-06,-8.054398E-03
+430.000E-06,-8.054398E-03
+435.000E-06,-8.054398E-03
+440.000E-06,-8.054398E-03
+445.000E-06,-8.054398E-03
+450.000E-06,-8.054398E-03
+455.000E-06,-8.054398E-03
+460.000E-06,-8.054398E-03
+465.000E-06,+58.891207E-03
+470.000E-06,-14.299482E-03
+475.000E-06,-8.054398E-03
+480.000E-06,-8.054398E-03
+485.000E-06,-8.054398E-03
+490.000E-06,-8.054398E-03
+495.000E-06,-8.054398E-03
+500.000E-06,-8.054398E-03
+505.000E-06,+43.549537E-03
+510.000E-06,-8.054398E-03
+515.000E-06,-8.054398E-03
+520.000E-06,-8.054398E-03
+525.000E-06,-8.054398E-03
+530.000E-06,-8.054398E-03
+535.000E-06,-8.054398E-03
+540.000E-06,-8.054398E-03
+545.000E-06,+4.462465E-03
+550.000E-06,-8.054398E-03
+555.000E-06,+39.409711E-03
+560.000E-06,+2.454591E-03
+565.000E-06,-8.054398E-03
+570.000E-06,-8.054398E-03
+575.000E-06,-8.054398E-03
+580.000E-06,-8.054398E-03
+585.000E-06,-8.054398E-03
+590.000E-06,-8.054398E-03
+595.000E-06,+39.285631E-03
+600.000E-06,-8.054398E-03
+605.000E-06,+3.004497826E+00
+610.000E-06,+3.004497826E+00
+615.000E-06,+3.004497826E+00
+620.000E-06,+3.040164621E+00
+625.000E-06,+3.004497826E+00
+630.000E-06,+3.033199988E+00
+635.000E-06,+3.004497826E+00
+640.000E-06,+3.004497826E+00
+645.000E-06,+3.004497826E+00
+650.000E-06,+3.004497826E+00
+655.000E-06,+3.004497826E+00
+660.000E-06,+3.004497826E+00
+665.000E-06,+3.004497826E+00
+670.000E-06,+3.004497826E+00
+675.000E-06,+3.004497826E+00
+680.000E-06,+3.004497826E+00
+685.000E-06,+2.980628345E+00
+690.000E-06,+2.950637859E+00
+695.000E-06,+2.937552221E+00
+700.000E-06,+3.004497826E+00
+705.000E-06,+3.004497826E+00
+710.000E-06,-8.054398E-03
+715.000E-06,-8.054398E-03
+720.000E-06,-8.054398E-03
+725.000E-06,-8.054398E-03
+730.000E-06,-8.054398E-03
+735.000E-06,-8.054398E-03
+740.000E-06,-8.054398E-03
+745.000E-06,-8.054398E-03
+750.000E-06,+46.819040E-03
+755.000E-06,-8.054398E-03
+760.000E-06,-8.054398E-03
+765.000E-06,-8.054398E-03
+770.000E-06,-8.054398E-03
+775.000E-06,-8.054398E-03
+780.000E-06,+50.069474E-03
+785.000E-06,+13.114355E-03
+790.000E-06,-8.054398E-03
+795.000E-06,-8.054398E-03
+800.000E-06,-8.054398E-03
+805.000E-06,-67.760516E-03
+810.000E-06,-8.054398E-03
+815.000E-06,-8.054398E-03
+820.000E-06,-8.054398E-03
+825.000E-06,-8.054398E-03
+830.000E-06,-8.054398E-03
+835.000E-06,-47.691177E-03
+840.000E-06,+8.281675E-03
+845.000E-06,+38.272161E-03
+850.000E-06,-8.054398E-03
+855.000E-06,-8.054398E-03
+860.000E-06,-8.054398E-03
+865.000E-06,+58.891207E-03
+870.000E-06,-8.054398E-03
+875.000E-06,-8.054398E-03
+880.000E-06,+3.468062E-03
+885.000E-06,-8.054398E-03
+890.000E-06,-8.054398E-03
+895.000E-06,+3.448994E-03
+900.000E-06,-8.054398E-03
+905.000E-06,+58.891207E-03
+910.000E-06,+24.361962E-03
+915.000E-06,+56.465333E-03
+920.000E-06,-8.054398E-03
+925.000E-06,+58.891207E-03
+930.000E-06,-8.054398E-03
+935.000E-06,-8.054398E-03
+940.000E-06,-8.054398E-03
+945.000E-06,+12.251659E-03
+950.000E-06,-8.054398E-03
+955.000E-06,-8.054398E-03
+960.000E-06,-7.760476E-03
+965.000E-06,+21.642166E-03
+970.000E-06,-67.741448E-03
+975.000E-06,-8.054398E-03
+980.000E-06,-8.054398E-03
+985.000E-06,+7.712900E-03
+990.000E-06,-8.054398E-03
+995.000E-06,-8.054398E-03
+1.000000E-03,+2.586298E-03
+1.005000E-03,-8.054398E-03
+1.010000E-03,-39.882915E-03
+1.015000E-03,+53.764605E-03
+1.020000E-03,+34.027323E-03
+1.025000E-03,-8.054398E-03
+1.030000E-03,+9.844853E-03
+1.035000E-03,-8.054398E-03
+1.040000E-03,-64.065386E-03
+1.045000E-03,-8.054398E-03
+1.050000E-03,-8.054398E-03
+1.055000E-03,+25.906072E-03
+1.060000E-03,-8.054398E-03
+1.065000E-03,-8.054398E-03
+1.070000E-03,-8.054398E-03
+1.075000E-03,+38.860004E-03
+1.080000E-03,-8.054398E-03
+1.085000E-03,-8.054398E-03
+1.090000E-03,-8.054398E-03
+1.095000E-03,-8.054398E-03
+1.100000E-03,-8.054398E-03
+1.105000E-03,-8.054398E-03
+1.110000E-03,-8.054398E-03
+1.115000E-03,-227.068E-06
+1.120000E-03,-8.054398E-03
+1.125000E-03,-8.054398E-03
+1.130000E-03,+7.144125E-03
+1.135000E-03,-8.054398E-03
+1.140000E-03,-16.288288E-03
+1.145000E-03,-8.054398E-03
+1.150000E-03,+57.621951E-03
+1.155000E-03,-8.054398E-03
+1.160000E-03,-8.054398E-03
+1.165000E-03,+16.240711E-03
+1.170000E-03,-8.054398E-03
+1.175000E-03,-8.054398E-03
+1.180000E-03,-8.054398E-03
+1.185000E-03,-8.054398E-03
+1.190000E-03,-34.643675E-03
+1.195000E-03,-8.054398E-03
+1.200000E-03,-8.054398E-03
+1.205000E-03,-8.054398E-03
+1.210000E-03,-8.054398E-03
+1.215000E-03,-8.054398E-03
+1.220000E-03,-8.054398E-03
+1.225000E-03,-8.054398E-03
+1.230000E-03,-8.054398E-03
+1.235000E-03,-8.054398E-03
+1.240000E-03,-8.054398E-03
+1.245000E-03,-8.054398E-03
+1.250000E-03,-8.054398E-03
+1.255000E-03,-46.440989E-03
+1.260000E-03,-8.054398E-03
+1.265000E-03,-8.054398E-03
+1.270000E-03,-8.054398E-03
+1.275000E-03,-8.054398E-03
+1.280000E-03,-52.674632E-03
+1.285000E-03,-8.054398E-03
+1.290000E-03,-8.054398E-03
+1.295000E-03,-8.054398E-03
+1.300000E-03,-8.054398E-03
+1.305000E-03,-8.054398E-03
+1.310000E-03,-8.054398E-03
+1.315000E-03,+45.662422E-03
+1.320000E-03,-8.054398E-03
+1.325000E-03,+12.139021E-03
+1.330000E-03,-8.054398E-03
+1.335000E-03,-8.054398E-03
+1.340000E-03,+56.058773E-03
+1.345000E-03,-8.054398E-03
+1.350000E-03,-8.054398E-03
+1.355000E-03,-8.054398E-03
+1.360000E-03,-8.054398E-03
+1.365000E-03,-56.106350E-03
+1.370000E-03,-8.054398E-03
+1.375000E-03,+3.874622E-03
+1.380000E-03,-8.054398E-03
+1.385000E-03,-8.054398E-03
+1.390000E-03,-8.054398E-03
+1.395000E-03,-8.054398E-03
+1.400000E-03,+19.935841E-03
+1.405000E-03,+58.891207E-03
+1.410000E-03,-8.054398E-03
+1.415000E-03,-8.054398E-03
+1.420000E-03,-8.054398E-03
+1.425000E-03,+58.891207E-03
+1.430000E-03,+51.794867E-03
+1.435000E-03,-8.054398E-03
+1.440000E-03,-8.054398E-03
+1.445000E-03,-8.054398E-03
+1.450000E-03,-8.054398E-03
+1.455000E-03,-28.684885E-03
+1.460000E-03,-8.054398E-03
+1.465000E-03,+8.138528E-03
+1.470000E-03,+12.707795E-03
+1.475000E-03,-8.054398E-03
+1.480000E-03,+31.164380E-03
+1.485000E-03,-8.054398E-03
+1.490000E-03,-8.054398E-03
+1.495000E-03,-8.054398E-03
+1.500000E-03,-8.054398E-03
+1.505000E-03,-8.054398E-03
+1.510000E-03,-56.675125E-03
+1.515000E-03,+10.575843E-03
+1.520000E-03,-8.054398E-03
+1.525000E-03,-8.054398E-03
+1.530000E-03,-8.054398E-03
+1.535000E-03,-8.054398E-03
+1.540000E-03,-8.054398E-03
+1.545000E-03,+19.367066E-03
+1.550000E-03,-8.054398E-03
+1.555000E-03,-8.054398E-03
+1.560000E-03,-8.054398E-03
+1.565000E-03,-8.054398E-03
+1.570000E-03,-8.054398E-03
+1.575000E-03,-8.054398E-03
+1.580000E-03,-8.054398E-03
+1.585000E-03,-7.617329E-03
+1.590000E-03,-8.054398E-03
+1.595000E-03,-8.054398E-03
+1.600000E-03,+14.534386E-03
+1.605000E-03,-8.054398E-03
+1.610000E-03,-8.054398E-03
+1.615000E-03,-8.054398E-03
+1.620000E-03,+605.119E-06
+1.625000E-03,-8.054398E-03
+1.630000E-03,-8.054398E-03
+1.635000E-03,+27.205837E-03
+1.640000E-03,-13.324147E-03
+1.645000E-03,-8.054398E-03
+1.650000E-03,+46.656825E-03
+1.655000E-03,+9.701705E-03
+1.660000E-03,+39.692191E-03
+1.665000E-03,-8.054398E-03
+1.670000E-03,-8.054398E-03
+1.675000E-03,-8.054398E-03
+1.680000E-03,-8.054398E-03
+1.685000E-03,-8.054398E-03
+1.690000E-03,+18.798291E-03
+1.695000E-03,-8.054398E-03
+1.700000E-03,+39.003151E-03
+1.705000E-03,-8.054398E-03
+1.710000E-03,-8.054398E-03
+1.715000E-03,-8.054398E-03
+1.720000E-03,-8.054398E-03
+1.725000E-03,-39.050727E-03
+1.730000E-03,-8.054398E-03
+1.735000E-03,-8.054398E-03
+1.740000E-03,-8.054398E-03
+1.745000E-03,-8.054398E-03
+1.750000E-03,-8.054398E-03
+1.755000E-03,-8.054398E-03
+1.760000E-03,-8.054398E-03
+1.765000E-03,-8.054398E-03
+1.770000E-03,-8.054398E-03
+1.775000E-03,-6.928289E-03
+1.780000E-03,-39.170993E-03
+1.785000E-03,-8.054398E-03
+1.790000E-03,-8.054398E-03
+1.795000E-03,+4.748759E-03
+1.800000E-03,+58.891207E-03
+1.805000E-03,-8.054398E-03
+1.810000E-03,-8.054398E-03
+1.815000E-03,-8.054398E-03
+1.820000E-03,-8.054398E-03
+1.825000E-03,-8.054398E-03
+1.830000E-03,-8.054398E-03
+1.835000E-03,-8.054398E-03
+1.840000E-03,-8.054398E-03
+1.845000E-03,-8.054398E-03
+1.850000E-03,-8.054398E-03
+1.855000E-03,-8.054398E-03
+1.860000E-03,-8.054398E-03
+1.865000E-03,-8.054398E-03
+1.870000E-03,+27.326103E-03
+1.875000E-03,-8.054398E-03
+1.880000E-03,-36.470265E-03
+1.885000E-03,-8.054398E-03
+1.890000E-03,-8.054398E-03
+1.895000E-03,+43.387322E-03
+1.900000E-03,-8.054398E-03
+1.905000E-03,-8.054398E-03
+1.910000E-03,-8.054398E-03
+1.915000E-03,+21.378754E-03
+1.920000E-03,-8.054398E-03
+1.925000E-03,-8.054398E-03
+1.930000E-03,+52.483908E-03
+1.935000E-03,+15.528789E-03
+1.940000E-03,-8.054398E-03
+1.945000E-03,-24.672951E-03
+1.950000E-03,-8.054398E-03
+1.955000E-03,-8.054398E-03
+1.960000E-03,+31.590008E-03
+1.965000E-03,-5.365111E-03
+1.970000E-03,+24.625375E-03
+1.975000E-03,-8.054398E-03
+1.980000E-03,-8.054398E-03
+1.985000E-03,-8.054398E-03
+1.990000E-03,+10.696108E-03
+1.995000E-03,-8.054398E-03
+2.000000E-03,-8.054398E-03
+2.005000E-03,+58.891207E-03
+2.010000E-03,-8.054398E-03
+2.015000E-03,+26.757328E-03
+2.020000E-03,-8.054398E-03
+2.025000E-03,-8.054398E-03
+2.030000E-03,+49.783180E-03
+2.035000E-03,-8.054398E-03
+2.040000E-03,+8.018262E-03
+2.045000E-03,+44.973381E-03
+2.050000E-03,-8.054398E-03
+2.055000E-03,-8.054398E-03
+2.060000E-03,+21.947529E-03
+2.065000E-03,-8.042957E-03
+2.070000E-03,-8.054398E-03
+2.075000E-03,-8.054398E-03
+2.080000E-03,-8.054398E-03
+2.085000E-03,-8.054398E-03
+2.090000E-03,-8.054398E-03
+2.095000E-03,-8.054398E-03
+2.100000E-03,+58.891207E-03
+2.105000E-03,+19.815576E-03
+2.110000E-03,-8.054398E-03
+2.115000E-03,-42.889005E-03
+2.120000E-03,-8.054398E-03
+2.125000E-03,+33.744842E-03
+2.130000E-03,-8.054398E-03
+2.135000E-03,-8.054398E-03
+2.140000E-03,-8.054398E-03
+2.145000E-03,+3.162700E-03
+2.150000E-03,-8.054398E-03
+2.155000E-03,-12.306863E-03
+2.160000E-03,-8.054398E-03
+2.165000E-03,-8.054398E-03
+2.170000E-03,-8.054398E-03
+2.175000E-03,-8.054398E-03
+2.180000E-03,-8.054398E-03
+2.185000E-03,-8.054398E-03
+2.190000E-03,-8.054398E-03
+2.195000E-03,-8.054398E-03
+2.200000E-03,-8.054398E-03
+2.205000E-03,-38.625100E-03
+2.210000E-03,-8.054398E-03
+2.215000E-03,+29.480937E-03
+2.220000E-03,-8.054398E-03
+2.225000E-03,-8.054398E-03
+2.230000E-03,+44.381725E-03
+2.235000E-03,-8.054398E-03
+2.240000E-03,+37.417091E-03
+2.245000E-03,-8.054398E-03
+2.250000E-03,-8.054398E-03
+2.255000E-03,-8.054398E-03
+2.260000E-03,-8.054398E-03
+2.265000E-03,-8.054398E-03
+2.270000E-03,-8.054398E-03
+2.275000E-03,-8.054398E-03
+2.280000E-03,-8.054398E-03
+2.285000E-03,-8.054398E-03
+2.290000E-03,+2.593925E-03
+2.295000E-03,-8.054398E-03
+2.300000E-03,+55.207517E-03
+2.305000E-03,-8.054398E-03
+2.310000E-03,-4.773454E-03
+2.315000E-03,-8.054398E-03
+2.320000E-03,-8.054398E-03
+2.325000E-03,-8.054398E-03
+2.330000E-03,+9.155812E-03
+2.335000E-03,-8.054398E-03
+2.340000E-03,-8.054398E-03
+2.345000E-03,-8.054398E-03
+2.350000E-03,+27.751730E-03
+2.355000E-03,-8.054398E-03
+2.360000E-03,+20.787097E-03
+2.365000E-03,-8.054398E-03
+2.370000E-03,+13.822464E-03
+2.375000E-03,-8.054398E-03
+2.380000E-03,-60.087774E-03
+2.385000E-03,-52.957112E-03
+2.390000E-03,+50.943612E-03
+2.395000E-03,-45.992479E-03
+2.400000E-03,-8.054398E-03
+2.405000E-03,+27.917759E-03
+2.410000E-03,-8.054398E-03
+2.415000E-03,-8.054398E-03
+2.420000E-03,+4.891907E-03
+2.425000E-03,-8.054398E-03
+2.430000E-03,+38.980269E-03
+2.435000E-03,-8.054398E-03
+2.440000E-03,-8.054398E-03
+2.445000E-03,-71.885088E-03
+2.450000E-03,+25.785806E-03
+2.455000E-03,-8.054398E-03
+2.460000E-03,-8.054398E-03
+2.465000E-03,-18.868750E-03
+2.470000E-03,-8.054398E-03
+2.475000E-03,-25.833383E-03
+2.480000E-03,-8.054398E-03
+2.485000E-03,-8.054398E-03
+2.490000E-03,-8.054398E-03
+2.495000E-03,-8.054398E-03
+2.500000E-03,-6.336632E-03
+2.505000E-03,-8.054398E-03
+2.510000E-03,-8.054398E-03
+2.515000E-03,-8.054398E-03
+2.520000E-03,-8.054398E-03
+2.525000E-03,+6.289056E-03
+2.530000E-03,+58.891207E-03
+2.535000E-03,-8.054398E-03
+2.540000E-03,-8.054398E-03
+2.545000E-03,-8.054398E-03
+2.550000E-03,+22.350275E-03
+2.555000E-03,-8.054398E-03
+2.560000E-03,-8.054398E-03
+2.565000E-03,-8.054398E-03
+2.570000E-03,-8.054398E-03
+2.575000E-03,-8.054398E-03
+2.580000E-03,+49.380434E-03
+2.585000E-03,-8.054398E-03
+2.590000E-03,-5.508258E-03
+2.595000E-03,-8.054398E-03
+2.600000E-03,-3.635905E-03
+2.605000E-03,-8.054398E-03
+2.610000E-03,-8.054398E-03
+2.615000E-03,+40.283848E-03
+2.620000E-03,+58.891207E-03
+2.625000E-03,-8.054398E-03
+2.630000E-03,+17.257995E-03
+2.635000E-03,-8.054398E-03
+2.640000E-03,-8.054398E-03
+2.645000E-03,-8.054398E-03
+2.650000E-03,-8.054398E-03
+2.655000E-03,-8.054398E-03
+2.660000E-03,-8.054398E-03
+2.665000E-03,-8.054398E-03
+2.670000E-03,-8.054398E-03
+2.675000E-03,-8.054398E-03
+2.680000E-03,-8.054398E-03
+2.685000E-03,-8.054398E-03
+2.690000E-03,-8.054398E-03
+2.695000E-03,-8.054398E-03
+2.700000E-03,-8.054398E-03
+2.705000E-03,-8.054398E-03
+2.710000E-03,-8.054398E-03
+2.715000E-03,-59.093372E-03
+2.720000E-03,+37.842719E-03
+2.725000E-03,-8.054398E-03
+2.730000E-03,-8.054398E-03
+2.735000E-03,-8.054398E-03
+2.740000E-03,-8.054398E-03
+2.745000E-03,-8.054398E-03
+2.750000E-03,-8.054398E-03
+2.755000E-03,-8.054398E-03
+2.760000E-03,-8.054398E-03
+2.765000E-03,-8.054398E-03
+2.770000E-03,+3.019553E-03
+2.775000E-03,-8.054398E-03
+2.780000E-03,-8.054398E-03
+2.785000E-03,-8.054398E-03
+2.790000E-03,-8.054398E-03
+2.795000E-03,-8.054398E-03
+2.800000E-03,-8.054398E-03
+2.805000E-03,+12.116139E-03
+2.810000E-03,-8.054398E-03
+2.815000E-03,-8.054398E-03
+2.820000E-03,-8.054398E-03
+2.825000E-03,-8.054398E-03
+2.830000E-03,-8.054398E-03
+2.835000E-03,-8.054398E-03
+2.840000E-03,-8.054398E-03
+2.845000E-03,-8.054398E-03
+2.850000E-03,+14.248092E-03
+2.855000E-03,-8.054398E-03
+2.860000E-03,-8.054398E-03
+2.865000E-03,-29.671661E-03
+2.870000E-03,-8.054398E-03
+2.875000E-03,-8.054398E-03
+2.880000E-03,-6.645808E-03
+2.885000E-03,-39.453474E-03
+2.890000E-03,-8.054398E-03
+2.895000E-03,-8.054398E-03
+2.900000E-03,-8.054398E-03
+2.905000E-03,-57.530194E-03
+2.910000E-03,-8.054398E-03
+2.915000E-03,-8.054398E-03
+2.920000E-03,-8.054398E-03
+2.925000E-03,-8.054398E-03
+2.930000E-03,-8.054398E-03
+2.935000E-03,-8.054398E-03
+2.940000E-03,-8.054398E-03
+2.945000E-03,-8.054398E-03
+2.950000E-03,-8.054398E-03
+2.955000E-03,-8.054398E-03
+2.960000E-03,-8.054398E-03
+2.965000E-03,-8.054398E-03
+2.970000E-03,-8.054398E-03
+2.975000E-03,-8.054398E-03
+2.980000E-03,-8.054398E-03
+2.985000E-03,-8.054398E-03
+2.990000E-03,-66.743232E-03
+2.995000E-03,-8.054398E-03
+3.000000E-03,-8.054398E-03
+3.005000E-03,-8.054398E-03
+3.010000E-03,-8.054398E-03
+3.015000E-03,-67.195555E-03
+3.020000E-03,-8.054398E-03
+3.025000E-03,-75.000003E-03
+3.030000E-03,-8.054398E-03
+3.035000E-03,-8.054398E-03
+3.040000E-03,-8.054398E-03
+3.045000E-03,-21.143850E-03
+3.050000E-03,-8.054398E-03
+3.055000E-03,-8.054398E-03
+3.060000E-03,-8.054398E-03
+3.065000E-03,+31.872489E-03
+3.070000E-03,-11.026166E-03
+3.075000E-03,-8.054398E-03
+3.080000E-03,-8.054398E-03
+3.085000E-03,-8.054398E-03
+3.090000E-03,-8.054398E-03
+3.095000E-03,+10.978589E-03
+3.100000E-03,+9.867734E-03
+3.105000E-03,-62.931649E-03
+3.110000E-03,-8.054398E-03
+3.115000E-03,-8.054398E-03
+3.120000E-03,+27.039808E-03
+3.125000E-03,-8.054398E-03
+3.130000E-03,-8.054398E-03
+3.135000E-03,-8.054398E-03
+3.140000E-03,+37.726267E-03
+3.145000E-03,+7.735781E-03
+3.150000E-03,-8.054398E-03
+3.155000E-03,-8.054398E-03
+3.160000E-03,-8.054398E-03
+3.165000E-03,-8.054398E-03
+3.170000E-03,-7.783358E-03
+3.175000E-03,-8.054398E-03
+3.180000E-03,+58.891207E-03
+3.185000E-03,-8.054398E-03
+3.190000E-03,-8.054398E-03
+3.195000E-03,-8.054398E-03
+3.200000E-03,-8.054398E-03
+3.205000E-03,-8.054398E-03
+3.210000E-03,-8.054398E-03
+3.215000E-03,-8.054398E-03
+3.220000E-03,+26.497728E-03
+3.225000E-03,-8.054398E-03
+3.230000E-03,-8.054398E-03
+3.235000E-03,-8.054398E-03
+3.240000E-03,-8.054398E-03
+3.245000E-03,-8.054398E-03
+3.250000E-03,+3.445181E-03
+3.255000E-03,-75.000003E-03
+3.260000E-03,+49.821316E-03
+3.265000E-03,-8.054398E-03
+3.270000E-03,-8.054398E-03
+3.275000E-03,+31.330409E-03
+3.280000E-03,-8.054398E-03
+3.285000E-03,+12.541767E-03
+3.290000E-03,-8.054398E-03
+3.295000E-03,-8.054398E-03
+3.300000E-03,-8.054398E-03
+3.305000E-03,-8.054398E-03
+3.310000E-03,-8.054398E-03
+3.315000E-03,-8.054398E-03
+3.320000E-03,-8.054398E-03
+3.325000E-03,-8.054398E-03
+3.330000E-03,-8.054398E-03
+3.335000E-03,-60.773001E-03
+3.340000E-03,-8.054398E-03
+3.345000E-03,+13.137237E-03
+3.350000E-03,-8.054398E-03
+3.355000E-03,-8.054398E-03
+3.360000E-03,-8.054398E-03
+3.365000E-03,-43.175299E-03
+3.370000E-03,-8.054398E-03
+3.375000E-03,+34.031137E-03
+3.380000E-03,-8.054398E-03
+3.385000E-03,-8.054398E-03
+3.390000E-03,-8.054398E-03
+3.395000E-03,+2.876406E-03
+3.400000E-03,-8.054398E-03
+3.405000E-03,-8.054398E-03
+3.410000E-03,-8.054398E-03
+3.415000E-03,-8.054398E-03
+3.420000E-03,-8.054398E-03
+3.425000E-03,-8.054398E-03
+3.430000E-03,-54.972613E-03
+3.435000E-03,-8.054398E-03
+3.440000E-03,-8.054398E-03
+3.445000E-03,-8.054398E-03
+3.450000E-03,-8.054398E-03
+3.455000E-03,-8.054398E-03
+3.460000E-03,-8.054398E-03
+3.465000E-03,-8.054398E-03
+3.470000E-03,-8.054398E-03
+3.475000E-03,-8.054398E-03
+3.480000E-03,-8.054398E-03
+3.485000E-03,+43.696498E-03
+3.490000E-03,-8.054398E-03
+3.495000E-03,-16.284474E-03
+3.500000E-03,-8.054398E-03
+3.505000E-03,+58.891207E-03
+3.510000E-03,-8.054398E-03
+3.515000E-03,-8.054398E-03
+3.520000E-03,-8.054398E-03
+3.525000E-03,+4.609426E-03
+3.530000E-03,-8.054398E-03
+3.535000E-03,-27.682855E-03
+3.540000E-03,+2.307631E-03
+3.545000E-03,+18.538692E-03
+3.550000E-03,-8.054398E-03
+3.555000E-03,-8.054398E-03
+3.560000E-03,-8.054398E-03
+3.565000E-03,-8.054398E-03
+3.570000E-03,-8.054398E-03
+3.575000E-03,-8.054398E-03
+3.580000E-03,-8.054398E-03
+3.585000E-03,-8.054398E-03
+3.590000E-03,-50.538865E-03
+3.595000E-03,-8.054398E-03
+3.600000E-03,-8.054398E-03
+3.605000E-03,+57.455922E-03
+3.610000E-03,-8.054398E-03
+3.615000E-03,-8.054398E-03
+3.620000E-03,+13.536170E-03
+3.625000E-03,+7.310154E-03
+3.630000E-03,-8.054398E-03
+3.635000E-03,-8.054398E-03
+3.640000E-03,-8.054398E-03
+3.645000E-03,+29.597389E-03
+3.650000E-03,-74.303335E-03
+3.655000E-03,-44.312849E-03
+3.660000E-03,-8.054398E-03
+3.665000E-03,-8.054398E-03
+3.670000E-03,-8.054398E-03
+3.675000E-03,-8.054398E-03
+3.680000E-03,+38.693975E-03
+3.685000E-03,-8.054398E-03
+3.690000E-03,-8.054398E-03
+3.695000E-03,-8.054398E-03
+3.700000E-03,-8.054398E-03
+3.705000E-03,-8.054398E-03
+3.710000E-03,-8.054398E-03
+3.715000E-03,-8.054398E-03
+3.720000E-03,-8.054398E-03
+3.725000E-03,-8.054398E-03
+3.730000E-03,-8.054398E-03
+3.735000E-03,-33.084311E-03
+3.740000E-03,-8.054398E-03
+3.745000E-03,+26.896661E-03
+3.750000E-03,-8.054398E-03
+3.755000E-03,+30.904781E-03
+3.760000E-03,+40.953820E-03
+3.765000E-03,-8.054398E-03
+3.770000E-03,-8.054398E-03
+3.775000E-03,+44.834048E-03
+3.780000E-03,-8.054398E-03
+3.785000E-03,-8.054398E-03
+3.790000E-03,+21.808195E-03
+3.795000E-03,-74.872110E-03
+3.800000E-03,-8.054398E-03
+3.805000E-03,-1.217657E-03
+3.810000E-03,+15.099347E-03
+3.815000E-03,-8.054398E-03
+3.820000E-03,-8.054398E-03
+3.825000E-03,+12.711609E-03
+3.830000E-03,-8.054398E-03
+3.835000E-03,-8.054398E-03
+3.840000E-03,-72.740157E-03
+3.845000E-03,-8.054398E-03
+3.850000E-03,-8.054398E-03
+3.855000E-03,+33.605509E-03
+3.860000E-03,-8.054398E-03
+3.865000E-03,-8.054398E-03
+3.870000E-03,-8.054398E-03
+3.875000E-03,+47.534775E-03
+3.880000E-03,-49.401315E-03
+3.885000E-03,-3.662600E-03
+3.890000E-03,-8.054398E-03
+3.895000E-03,-5.481563E-03
+3.900000E-03,+19.363253E-03
+3.905000E-03,+1.483070E-03
+3.910000E-03,-8.054398E-03
+3.915000E-03,-8.054398E-03
+3.920000E-03,+45.402823E-03
+3.925000E-03,-8.054398E-03
+3.930000E-03,-8.054398E-03
+3.935000E-03,-8.054398E-03
+3.940000E-03,+58.450325E-03
+3.945000E-03,-8.054398E-03
+3.950000E-03,-8.054398E-03
+3.955000E-03,-8.054398E-03
+3.960000E-03,-8.054398E-03
+3.965000E-03,-8.054398E-03
+3.970000E-03,+37.556425E-03
+3.975000E-03,-8.054398E-03
+3.980000E-03,-8.054398E-03
+3.985000E-03,-6.363327E-03
+3.990000E-03,+23.627158E-03
+3.995000E-03,+53.617644E-03
+4.000000E-03,-8.054398E-03
+4.005000E-03,-8.054398E-03
+4.010000E-03,+41.138917E-03
+4.015000E-03,-8.054398E-03
+4.020000E-03,-8.054398E-03
+4.025000E-03,-8.054398E-03
+4.030000E-03,-8.054398E-03
+4.035000E-03,+58.891207E-03
+4.040000E-03,-8.054398E-03
+4.045000E-03,+5.193455E-03
+4.050000E-03,-8.054398E-03
+4.055000E-03,-8.054398E-03
+4.060000E-03,-8.054398E-03
+4.065000E-03,-8.054398E-03
+4.070000E-03,+15.981112E-03
+4.075000E-03,+58.891207E-03
+4.080000E-03,+27.891064E-03
+4.085000E-03,-8.054398E-03
+4.090000E-03,-8.054398E-03
+4.095000E-03,-8.054398E-03
+4.100000E-03,-8.054398E-03
+4.105000E-03,-8.054398E-03
+4.110000E-03,+6.997164E-03
+4.115000E-03,-8.054398E-03
+4.120000E-03,-8.054398E-03
+4.125000E-03,-8.054398E-03
+4.130000E-03,-8.054398E-03
+4.135000E-03,-8.054398E-03
+4.140000E-03,+53.048869E-03
+4.145000E-03,-8.054398E-03
+4.150000E-03,+46.084236E-03
+4.155000E-03,-8.054398E-03
+4.160000E-03,-8.054398E-03
+4.165000E-03,+2.164484E-03
+4.170000E-03,-8.054398E-03
+4.175000E-03,+55.636959E-03
+4.180000E-03,-8.054398E-03
+4.185000E-03,-8.054398E-03
+4.190000E-03,-8.054398E-03
+4.195000E-03,-8.054398E-03
+4.200000E-03,+20.260272E-03
+4.205000E-03,-8.054398E-03
+4.210000E-03,-8.054398E-03
+4.215000E-03,+16.549887E-03
+4.220000E-03,-2.668197E-03
+4.225000E-03,-8.054398E-03
+4.230000E-03,-8.054398E-03
+4.235000E-03,-8.054398E-03
+4.240000E-03,+488.667E-06
+4.245000E-03,-29.501818E-03
+4.250000E-03,-8.054398E-03
+4.255000E-03,-8.054398E-03
+4.260000E-03,-8.054398E-03
+4.265000E-03,-8.054398E-03
+4.270000E-03,-45.563038E-03
+4.275000E-03,-8.054398E-03
+4.280000E-03,-8.054398E-03
+4.285000E-03,-1.643285E-03
+4.290000E-03,+35.311834E-03
+4.295000E-03,-8.054398E-03
+4.300000E-03,-24.669138E-03
+4.305000E-03,+38.550828E-03
+4.310000E-03,+1.595709E-03
+4.315000E-03,+31.586194E-03
+4.320000E-03,-8.054398E-03
+4.325000E-03,-8.054398E-03
+4.330000E-03,-8.054398E-03
+4.335000E-03,-8.054398E-03
+4.340000E-03,-8.054398E-03
+4.345000E-03,-26.801091E-03
+4.350000E-03,+40.682780E-03
+4.355000E-03,-8.054398E-03
+4.360000E-03,-8.054398E-03
+4.365000E-03,-8.054398E-03
+4.370000E-03,-8.054398E-03
+4.375000E-03,-8.054398E-03
+4.380000E-03,-8.054398E-03
+4.385000E-03,-8.054398E-03
+4.390000E-03,-8.054398E-03
+4.395000E-03,-8.054398E-03
+4.400000E-03,-8.054398E-03
+4.405000E-03,-8.054398E-03
+4.410000E-03,-1.105019E-03
+4.415000E-03,+21.951342E-03
+4.420000E-03,-8.054398E-03
+4.425000E-03,-38.029629E-03
+4.430000E-03,-1.074510E-03
+4.435000E-03,+35.880609E-03
+4.440000E-03,-8.054398E-03
+4.445000E-03,-8.054398E-03
+4.450000E-03,-8.054398E-03
+4.455000E-03,-8.054398E-03
+4.460000E-03,-8.054398E-03
+4.465000E-03,-8.054398E-03
+4.470000E-03,-8.054398E-03
+4.475000E-03,-8.054398E-03
+4.480000E-03,-8.054398E-03
+4.485000E-03,-8.054398E-03
+4.490000E-03,-8.054398E-03
+4.495000E-03,-8.054398E-03
+4.500000E-03,-8.054398E-03
+4.505000E-03,-8.054398E-03
+4.510000E-03,+54.642556E-03
+4.515000E-03,-8.054398E-03
+4.520000E-03,-8.054398E-03
+4.525000E-03,+31.616703E-03
+4.530000E-03,-8.054398E-03
+4.535000E-03,+12.255472E-03
+4.540000E-03,-8.054398E-03
+4.545000E-03,-8.054398E-03
+4.550000E-03,-8.054398E-03
+4.555000E-03,-8.054398E-03
+4.560000E-03,-8.054398E-03
+4.565000E-03,-8.054398E-03
+4.570000E-03,-8.054398E-03
+4.575000E-03,+51.342544E-03
+4.580000E-03,-8.054398E-03
+4.585000E-03,-22.567694E-03
+4.590000E-03,+43.414017E-03
+4.595000E-03,-8.054398E-03
+4.600000E-03,-8.054398E-03
+4.605000E-03,+20.388164E-03
+4.610000E-03,-8.054398E-03
+4.615000E-03,-39.592807E-03
+4.620000E-03,-8.054398E-03
+4.625000E-03,-8.054398E-03
+4.630000E-03,+4.326945E-03
+4.635000E-03,-8.054398E-03
+4.640000E-03,+39.545231E-03
+4.645000E-03,-64.355494E-03
+4.650000E-03,+18.256212E-03
+4.655000E-03,-8.054398E-03
+4.660000E-03,-8.054398E-03
+4.665000E-03,-11.339155E-03
+4.670000E-03,-8.054398E-03
+4.675000E-03,+48.641817E-03
+4.680000E-03,-55.258908E-03
+4.685000E-03,-8.054398E-03
+4.690000E-03,-8.054398E-03
+4.695000E-03,+58.891207E-03
+4.700000E-03,-8.054398E-03
+4.705000E-03,-8.054398E-03
+4.710000E-03,-8.054398E-03
+4.715000E-03,-8.054398E-03
+4.720000E-03,-8.054398E-03
+4.725000E-03,+37.018159E-03
+4.730000E-03,-8.054398E-03
+4.735000E-03,-60.091588E-03
+4.740000E-03,-8.054398E-03
+4.745000E-03,-8.054398E-03
+4.750000E-03,-8.054398E-03
+4.755000E-03,-8.054398E-03
+4.760000E-03,+22.915236E-03
+4.765000E-03,-8.054398E-03
+4.770000E-03,-8.054398E-03
+4.775000E-03,+45.941089E-03
+4.780000E-03,+8.985970E-03
+4.785000E-03,-8.054398E-03
+4.790000E-03,-8.054398E-03
+4.795000E-03,-8.054398E-03
+4.800000E-03,-8.054398E-03
+4.805000E-03,-8.054398E-03
+4.810000E-03,-8.054398E-03
+4.815000E-03,-8.054398E-03
+4.820000E-03,-8.054398E-03
+4.825000E-03,-8.054398E-03
+4.830000E-03,+41.108408E-03
+4.835000E-03,+58.891207E-03
+4.840000E-03,-8.054398E-03
+4.845000E-03,+58.891207E-03
+4.850000E-03,-8.054398E-03
+4.855000E-03,-9.775977E-03
+4.860000E-03,-8.054398E-03
+4.865000E-03,-8.054398E-03
+4.870000E-03,-8.054398E-03
+4.875000E-03,+7.596448E-03
+4.880000E-03,-8.054398E-03
+4.885000E-03,-8.054398E-03
+4.890000E-03,-8.054398E-03
+4.895000E-03,-37.634510E-03
+4.900000E-03,-8.054398E-03
+4.905000E-03,-8.054398E-03
+4.910000E-03,-8.054398E-03
+4.915000E-03,-8.054398E-03
+4.920000E-03,-8.054398E-03
+4.925000E-03,-8.054398E-03
+4.930000E-03,-54.516477E-03
+4.935000E-03,+1.452561E-03
+4.940000E-03,-47.551843E-03
+4.945000E-03,-5.512072E-03
+4.950000E-03,+24.478414E-03
+4.955000E-03,-8.054398E-03
+4.960000E-03,-33.622577E-03
+4.965000E-03,-8.054398E-03
+4.970000E-03,-8.054398E-03
+4.975000E-03,-8.054398E-03
+4.980000E-03,-8.054398E-03
+4.985000E-03,-8.054398E-03
+4.990000E-03,-8.054398E-03
+4.995000E-03,-10.438323E-03
